﻿<?xml version="1.0" encoding="utf-8"?>
<!-- *
 * This software is distributed in the hope that it will be useful,
 * but is distributed on an "AS IS" BASIS, WITHOUT WARRANTIES OR
 * CONDITIONS OF ANY KIND, without even the implied warranty of
 * MERCHANTABILITY or FITNESS FOR A PARTICULAR PURPOSE.
 *
 * This software may only be used to program products purchased from
 * Analog Devices for incorporation by you into audio products that
 * are intended for resale to audio product end users. This software
 * may not be distributed whole or in any part to third parties.
 *
 * Copyright © 2022 Analog Devices, Inc. All rights reserved.
 */
-->
<!--NetList XML file-->
<NetList>
    <IC name=" IC 1 " type="DSPSigma100">
        <Schematic>
            <Algorithm name="ICSigma100In1" friendlyname="170x\140x input " cell="Input1 " location="{X=52, Y=200} " Growth="10 " GrowthB="0">
                <Link pin="O_C0_A0_P3_out" dir="out" link="Link4" />
                <Link pin="O_C0_A0_P4_out" dir="out" link="Link5" />
            </Algorithm>
            <Algorithm name="SWGain1940DBAlg1" friendlyname="Gain (RC Slew) " cell="SW vol 1 " location="{X=174, Y=172} " Growth="2 " GrowthB="0">
                <Link pin="I_C16_A0_P1_in" dir="in" link="Link4" />
                <Link pin="I_C16_A0_P3_in" dir="in" link="Link5" />
                <Link pin="O_C16_A0_P2_out" dir="out" link="Link2" />
                <Link pin="O_C16_A0_P4_out" dir="out" link="Link3" />
            </Algorithm>
            <Algorithm name="SWGain1940DBAlg2" friendlyname="Gain (RC Slew) " cell="balance_L " location="{X=339, Y=142} " Growth="1 " GrowthB="0">
                <Link pin="I_C51_A0_P1_in" dir="in" link="Link2" />
                <Link pin="O_C51_A0_P2_out" dir="out" link="Link6" />
            </Algorithm>
            <Algorithm name="SWGain1940DBAlg3" friendlyname="Gain (RC Slew) " cell="balance_R " location="{X=338, Y=343} " Growth="1 " GrowthB="0">
                <Link pin="I_C54_A0_P1_in" dir="in" link="Link3" />
                <Link pin="O_C54_A0_P2_out" dir="out" link="Link7" />
            </Algorithm>
            <Algorithm name="ICSigma100Out1" friendlyname="170x\140x output " cell="Output1_L " location="{X=766, Y=117} " Growth="0 " GrowthB="0">
                <Link pin="I_C11_A0_P1_in" dir="in" link="Link6" />
            </Algorithm>
            <Algorithm name="EQ1940Invert1" friendlyname="Invert " cell="Inv1 " location="{X=696, Y=184} " Growth="0 " GrowthB="0">
                <Link pin="I_C20_A0_P1_in" dir="in" link="Link6" />
                <Link pin="O_C20_A0_P2_out" dir="out" link="Link0" />
            </Algorithm>
            <Algorithm name="EQ1940Invert2" friendlyname="Invert " cell="Inv1_2 " location="{X=699, Y=334} " Growth="0 " GrowthB="0">
                <Link pin="I_C41_A0_P1_in" dir="in" link="Link7" />
                <Link pin="O_C41_A0_P2_out" dir="out" link="Link1" />
            </Algorithm>
            <Algorithm name="ICSigma100Out3" friendlyname="170x\140x output " cell="Output1_R " location="{X=769, Y=267} " Growth="0 " GrowthB="0">
                <Link pin="I_C34_A0_P1_in" dir="in" link="Link7" />
            </Algorithm>
            <Algorithm name="ICSigma100Out2" friendlyname="170x\140x output " cell="Output2_L " location="{X=768, Y=196} " Growth="0 " GrowthB="0">
                <Link pin="I_C13_A0_P1_in" dir="in" link="Link0" />
            </Algorithm>
            <Algorithm name="ICSigma100Out4" friendlyname="170x\140x output " cell="Output2_R " location="{X=771, Y=346} " Growth="0 " GrowthB="0">
                <Link pin="I_C36_A0_P1_in" dir="in" link="Link1" />
            </Algorithm>
        </Schematic>
    </IC>
</NetList>