﻿<?xml version="1.0" encoding="utf-8"?>
<!-- *
 * This software is distributed in the hope that it will be useful,
 * but is distributed on an "AS IS" BASIS, WITHOUT WARRANTIES OR
 * CONDITIONS OF ANY KIND, without even the implied warranty of
 * MERCHANTABILITY or FITNESS FOR A PARTICULAR PURPOSE.
 *
 * This software may only be used to program products purchased from
 * Analog Devices for incorporation by you into audio products that
 * are intended for resale to audio product end users. This software
 * may not be distributed whole or in any part to third parties.
 *
 * Copyright © 2022 Analog Devices, Inc. All rights reserved.
 */
-->
<!--NetList XML file-->
<NetList>
    <IC name=" IC 1 " type="DSPSigma100">
        <Schematic>
            <Algorithm name="ICSigma100In1" friendlyname="170x\140x input " cell="Input1 " location="{X=26, Y=167} " Growth="10 " GrowthB="0">
                <Link pin="O_C0_A0_P3_out" dir="out" link="Link4" />
                <Link pin="O_C0_A0_P4_out" dir="out" link="Link5" />
            </Algorithm>
            <Algorithm name="SWGain1940DBAlg3" friendlyname="Gain (RC Slew) " cell="SW vol 1 " location="{X=220, Y=147} " Growth="2 " GrowthB="0">
                <Link pin="I_C381_A0_P1_in" dir="in" link="Link4" />
                <Link pin="I_C381_A0_P3_in" dir="in" link="Link5" />
                <Link pin="O_C381_A0_P2_out" dir="out" link="Link3" />
                <Link pin="O_C381_A0_P4_out" dir="out" link="Link1" />
            </Algorithm>
            <Algorithm name="SWGain1940DBAlg2" friendlyname="Gain (RC Slew) " cell="balance_R " location="{X=428, Y=282} " Growth="1 " GrowthB="0">
                <Link pin="I_C342_A0_P1_in" dir="in" link="Link1" />
                <Link pin="O_C342_A0_P2_out" dir="out" link="Link7" />
            </Algorithm>
            <Algorithm name="SWGain1940DBAlg1" friendlyname="Gain (RC Slew) " cell="balance_L " location="{X=435, Y=79} " Growth="1 " GrowthB="0">
                <Link pin="I_C339_A0_P1_in" dir="in" link="Link3" />
                <Link pin="O_C339_A0_P2_out" dir="out" link="Link6" />
            </Algorithm>
            <Algorithm name="EQ1940Invert1" friendlyname="Invert " cell="Inv1 " location="{X=663, Y=211} " Growth="0 " GrowthB="0">
                <Link pin="I_C326_A0_P1_in" dir="in" link="Link6" />
                <Link pin="O_C326_A0_P2_out" dir="out" link="Link2" />
            </Algorithm>
            <Algorithm name="ICSigma100Out1" friendlyname="170x\140x output " cell="Output1_L " location="{X=733, Y=144} " Growth="0 " GrowthB="0">
                <Link pin="I_C319_A0_P1_in" dir="in" link="Link6" />
            </Algorithm>
            <Algorithm name="EQ1940Invert2" friendlyname="Invert " cell="Inv1_2 " location="{X=666, Y=361} " Growth="0 " GrowthB="0">
                <Link pin="I_C336_A0_P1_in" dir="in" link="Link7" />
                <Link pin="O_C336_A0_P2_out" dir="out" link="Link0" />
            </Algorithm>
            <Algorithm name="ICSigma100Out3" friendlyname="170x\140x output " cell="Output1_R " location="{X=736, Y=294} " Growth="0 " GrowthB="0">
                <Link pin="I_C329_A0_P1_in" dir="in" link="Link7" />
            </Algorithm>
            <Algorithm name="ICSigma100Out4" friendlyname="170x\140x output " cell="Output2_R " location="{X=738, Y=373} " Growth="0 " GrowthB="0">
                <Link pin="I_C331_A0_P1_in" dir="in" link="Link0" />
            </Algorithm>
            <Algorithm name="ICSigma100Out2" friendlyname="170x\140x output " cell="Output2_L " location="{X=735, Y=223} " Growth="0 " GrowthB="0">
                <Link pin="I_C321_A0_P1_in" dir="in" link="Link2" />
            </Algorithm>
        </Schematic>
    </IC>
</NetList>