﻿<?xml version="1.0" encoding="utf-8"?>
<!-- *
 * This software is distributed in the hope that it will be useful,
 * but is distributed on an "AS IS" BASIS, WITHOUT WARRANTIES OR
 * CONDITIONS OF ANY KIND, without even the implied warranty of
 * MERCHANTABILITY or FITNESS FOR A PARTICULAR PURPOSE.
 *
 * This software may only be used to program products purchased from
 * Analog Devices for incorporation by you into audio products that
 * are intended for resale to audio product end users. This software
 * may not be distributed whole or in any part to third parties.
 *
 * Copyright © 2022 Analog Devices, Inc. All rights reserved.
 */
-->
<!--NetList XML file-->
<NetList>
    <IC name=" IC 1 " type="DSPSigma100">
        <Schematic>
            <Algorithm name="ICSigma100In1" friendlyname="170x\140x input " cell="Input1 " location="{X=6, Y=94} " Growth="10 " GrowthB="0">
                <Link pin="O_C0_A0_P3_out" dir="out" link="Link23" />
                <Link pin="O_C0_A0_P4_out" dir="out" link="Link22" />
            </Algorithm>
            <Algorithm name="DCBlockAlgDoublePrec2" friendlyname="DC Blocking " cell="DCB1 " location="{X=80, Y=150} " Growth="0 " GrowthB="0">
                <Link pin="I_C67_A1_P1_in" dir="in" link="Link22" />
                <Link pin="O_C67_A1_P2_out" dir="out" link="Link3" />
            </Algorithm>
            <Algorithm name="DCBlockAlgDoublePrec1" friendlyname="DC Blocking " cell="DCB1 " location="{X=80, Y=150} " Growth="0 " GrowthB="0">
                <Link pin="I_C67_A0_P1_in" dir="in" link="Link23" />
                <Link pin="O_C67_A0_P2_out" dir="out" link="Link4" />
            </Algorithm>
            <Algorithm name="Gain1940AlgNS1" friendlyname="Gain (no slew) " cell="Gain_R " location="{X=152, Y=182.5276} " Growth="0 " GrowthB="0">
                <Link pin="I_C33_A0_P1_in" dir="in" link="Link3" />
                <Link pin="O_C33_A0_P2_out" dir="out" link="Link2" />
            </Algorithm>
            <Algorithm name="Gain1940AlgNS2" friendlyname="Gain (no slew) " cell="Gain_L " location="{X=153, Y=107} " Growth="0 " GrowthB="0">
                <Link pin="I_C49_A0_P1_in" dir="in" link="Link4" />
                <Link pin="O_C49_A0_P2_out" dir="out" link="Link5" />
            </Algorithm>
            <Algorithm name="MuteNoSlewAlg1" friendlyname="No Slew (Standard) " cell="Mute1 " location="{X=236, Y=153} " Growth="2 " GrowthB="0">
                <Link pin="I_C60_A0_P1_in" dir="in" link="Link5" />
                <Link pin="I_C60_A0_P3_in" dir="in" link="Link2" />
                <Link pin="O_C60_A0_P2_out" dir="out" link="Link10" />
                <Link pin="O_C60_A0_P4_out" dir="out" link="Link11" />
            </Algorithm>
            <Algorithm name="SWGain1940DBAlg5" friendlyname="Gain (RC Slew) " cell="SW vol 1 " location="{X=289, Y=76.5} " Growth="2 " GrowthB="0">
                <Link pin="I_C18_A0_P1_in" dir="in" link="Link10" />
                <Link pin="I_C18_A0_P3_in" dir="in" link="Link11" />
                <Link pin="O_C18_A0_P2_out" dir="out" link="Link12" />
                <Link pin="O_C18_A0_P4_out" dir="out" link="Link13" />
            </Algorithm>
            <Algorithm name="SWGain1940DBAlg3" friendlyname="Gain (RC Slew) " cell="balance_L " location="{X=400, Y=6} " Growth="1 " GrowthB="0">
                <Link pin="I_C50_A0_P1_in" dir="in" link="Link12" />
                <Link pin="O_C50_A0_P2_out" dir="out" link="Link16" />
            </Algorithm>
            <Algorithm name="SWGain1940DBAlg4" friendlyname="Gain (RC Slew) " cell="balance_R " location="{X=400, Y=209} " Growth="1 " GrowthB="0">
                <Link pin="I_C53_A0_P1_in" dir="in" link="Link13" />
                <Link pin="O_C53_A0_P2_out" dir="out" link="Link17" />
            </Algorithm>
            <Algorithm name="stereoDemux1940ns1" friendlyname="Stereo " cell="2xN-1 " location="{X=496, Y=233.3203} " Growth="2 " GrowthB="0">
                <Link pin="I_C16_A0_P1_in" dir="in" link="Link16" />
                <Link pin="I_C16_A0_P2_in" dir="in" link="Link17" />
                <Link pin="O_C16_A0_P3_out" dir="out" link="Link18" />
                <Link pin="O_C16_A0_P4_out" dir="out" link="Link19" />
                <Link pin="O_C16_A0_P5_out" dir="out" link="Link20" />
                <Link pin="O_C16_A0_P6_out" dir="out" link="Link21" />
            </Algorithm>
            <Algorithm name="EQ1940Dual1" friendlyname="2 Channel - Double Precision " cell="LP EQ " location="{X=570, Y=81} " Growth="1 " GrowthB="0">
                <Link pin="I_C97_A0_P1_in" dir="in" link="Link18" />
                <Link pin="I_C97_A0_P2_in" dir="in" link="Link19" />
                <Link pin="O_C97_A0_P3_out" dir="out" link="Link8" />
                <Link pin="O_C97_A0_P4_out" dir="out" link="Link6" />
            </Algorithm>
            <Algorithm name="EQ1940Dual2" friendlyname="2 Channel - Double Precision " cell="HP EQ " location="{X=653, Y=83} " Growth="1 " GrowthB="0">
                <Link pin="I_C102_A0_P1_in" dir="in" link="Link8" />
                <Link pin="I_C102_A0_P2_in" dir="in" link="Link6" />
                <Link pin="O_C102_A0_P3_out" dir="out" link="Link9" />
                <Link pin="O_C102_A0_P4_out" dir="out" link="Link7" />
            </Algorithm>
            <Algorithm name="SuperBassAlgSWSlew1" friendlyname="Super Bass SWSlew " cell="SuperBass1 " location="{X=738, Y=109} " Growth="0 " GrowthB="0">
                <Link pin="I_C107_A0_P1_in" dir="in" link="Link9" />
                <Link pin="I_C107_A0_P2_in" dir="in" link="Link7" />
                <Link pin="O_C107_A0_P3_out" dir="out" link="Link14" />
                <Link pin="O_C107_A0_P4_out" dir="out" link="Link15" />
            </Algorithm>
            <Algorithm name="NxNMixer1940Alg1" friendlyname="NxM Ctrl Mixer " cell="NxM Linear_L " location="{X=854, Y=236} " Growth="2 " GrowthB="1">
                <Link pin="I_C78_A0_P2_in" dir="in" link="Link14" />
                <Link pin="I_C78_A0_P3_in" dir="in" link="Link20" />
                <Link pin="O_C78_A0_P1_out" dir="out" link="Link24" />
            </Algorithm>
            <Algorithm name="NxNMixer1940Alg2" friendlyname="NxM Ctrl Mixer " cell="NxM Linear_R " location="{X=845, Y=420} " Growth="2 " GrowthB="1">
                <Link pin="I_C85_A0_P2_in" dir="in" link="Link15" />
                <Link pin="I_C85_A0_P3_in" dir="in" link="Link21" />
                <Link pin="O_C85_A0_P1_out" dir="out" link="Link25" />
            </Algorithm>
            <Algorithm name="ICSigma100Out1" friendlyname="170x\140x output " cell="Output1_L " location="{X=1164, Y=62} " Growth="0 " GrowthB="0">
                <Link pin="I_C11_A0_P1_in" dir="in" link="Link24" />
            </Algorithm>
            <Algorithm name="EQ1940Invert1" friendlyname="Invert " cell="Inv1_L " location="{X=1061, Y=130} " Growth="0 " GrowthB="0">
                <Link pin="I_C20_A0_P1_in" dir="in" link="Link24" />
                <Link pin="O_C20_A0_P2_out" dir="out" link="Link0" />
            </Algorithm>
            <Algorithm name="EQ1940Invert2" friendlyname="Invert " cell="Inv1_R " location="{X=1061, Y=283} " Growth="0 " GrowthB="0">
                <Link pin="I_C41_A0_P1_in" dir="in" link="Link25" />
                <Link pin="O_C41_A0_P2_out" dir="out" link="Link1" />
            </Algorithm>
            <Algorithm name="ICSigma100Out3" friendlyname="170x\140x output " cell="Output1_R " location="{X=1164, Y=218} " Growth="0 " GrowthB="0">
                <Link pin="I_C34_A0_P1_in" dir="in" link="Link25" />
            </Algorithm>
            <Algorithm name="ICSigma100Out2" friendlyname="170x\140x output " cell="Output2_L " location="{X=1164, Y=141} " Growth="0 " GrowthB="0">
                <Link pin="I_C13_A0_P1_in" dir="in" link="Link0" />
            </Algorithm>
            <Algorithm name="ICSigma100Out4" friendlyname="170x\140x output " cell="Output2_R " location="{X=1164, Y=295} " Growth="0 " GrowthB="0">
                <Link pin="I_C36_A0_P1_in" dir="in" link="Link1" />
            </Algorithm>
        </Schematic>
    </IC>
</NetList>