﻿<?xml version="1.0" encoding="utf-8"?>
<!-- *
 * This software is distributed in the hope that it will be useful,
 * but is distributed on an "AS IS" BASIS, WITHOUT WARRANTIES OR
 * CONDITIONS OF ANY KIND, without even the implied warranty of
 * MERCHANTABILITY or FITNESS FOR A PARTICULAR PURPOSE.
 *
 * This software may only be used to program products purchased from
 * Analog Devices for incorporation by you into audio products that
 * are intended for resale to audio product end users. This software
 * may not be distributed whole or in any part to third parties.
 *
 * Copyright © 2022 Analog Devices, Inc. All rights reserved.
 */
-->
<!--NetList XML file-->
<NetList>
    <IC name=" IC 1 " type="DSPSigma100">
        <Schematic>
            <Algorithm name="ICSigma100In1" friendlyname="170x\140x input " cell="Input1 " location="{X=-13, Y=175} " Growth="10 " GrowthB="0">
                <Link pin="O_C0_A0_P3_out" dir="out" link="Link22" />
                <Link pin="O_C0_A0_P4_out" dir="out" link="Link23" />
            </Algorithm>
            <Algorithm name="DCBlockAlgDoublePrec1" friendlyname="DC Blocking " cell="DCB1 " location="{X=66, Y=239} " Growth="0 " GrowthB="0">
                <Link pin="I_C48_A0_P1_in" dir="in" link="Link22" />
                <Link pin="O_C48_A0_P2_out" dir="out" link="Link5" />
            </Algorithm>
            <Algorithm name="DCBlockAlgDoublePrec2" friendlyname="DC Blocking " cell="DCB1 " location="{X=66, Y=239} " Growth="0 " GrowthB="0">
                <Link pin="I_C48_A1_P1_in" dir="in" link="Link23" />
                <Link pin="O_C48_A1_P2_out" dir="out" link="Link4" />
            </Algorithm>
            <Algorithm name="Gain1940AlgNS3" friendlyname="Gain (no slew) " cell="Gain2 " location="{X=140, Y=268} " Growth="0 " GrowthB="0">
                <Link pin="I_C53_A0_P1_in" dir="in" link="Link4" />
                <Link pin="O_C53_A0_P2_out" dir="out" link="Link3" />
            </Algorithm>
            <Algorithm name="Gain1940AlgNS4" friendlyname="Gain (no slew) " cell="Gain1 " location="{X=139, Y=196} " Growth="0 " GrowthB="0">
                <Link pin="I_C56_A0_P1_in" dir="in" link="Link5" />
                <Link pin="O_C56_A0_P2_out" dir="out" link="Link2" />
            </Algorithm>
            <Algorithm name="MuteNoSlewAlg1" friendlyname="No Slew (Standard) " cell="Mute1 " location="{X=222, Y=234} " Growth="2 " GrowthB="0">
                <Link pin="I_C59_A0_P1_in" dir="in" link="Link2" />
                <Link pin="I_C59_A0_P3_in" dir="in" link="Link3" />
                <Link pin="O_C59_A0_P2_out" dir="out" link="Link12" />
                <Link pin="O_C59_A0_P4_out" dir="out" link="Link13" />
            </Algorithm>
            <Algorithm name="SWGain1940DBAlg1" friendlyname="Gain (RC Slew) " cell="SW vol 1 " location="{X=300, Y=155} " Growth="2 " GrowthB="0">
                <Link pin="I_C136_A0_P1_in" dir="in" link="Link12" />
                <Link pin="I_C136_A0_P3_in" dir="in" link="Link13" />
                <Link pin="O_C136_A0_P2_out" dir="out" link="Link11" />
                <Link pin="O_C136_A0_P4_out" dir="out" link="Link10" />
            </Algorithm>
            <Algorithm name="SWGain1940DBAlg3" friendlyname="Gain (RC Slew) " cell="bakance_R " location="{X=439, Y=281} " Growth="1 " GrowthB="0">
                <Link pin="I_C94_A0_P1_in" dir="in" link="Link10" />
                <Link pin="O_C94_A0_P2_out" dir="out" link="Link15" />
            </Algorithm>
            <Algorithm name="SWGain1940DBAlg2" friendlyname="Gain (RC Slew) " cell="balance_L " location="{X=442, Y=80} " Growth="1 " GrowthB="0">
                <Link pin="I_C91_A0_P1_in" dir="in" link="Link11" />
                <Link pin="O_C91_A0_P2_out" dir="out" link="Link14" />
            </Algorithm>
            <Algorithm name="stereoDemux1940ns1" friendlyname="Stereo " cell="2xN-1 " location="{X=574, Y=277} " Growth="2 " GrowthB="0">
                <Link pin="I_C16_A0_P1_in" dir="in" link="Link14" />
                <Link pin="I_C16_A0_P2_in" dir="in" link="Link15" />
                <Link pin="O_C16_A0_P3_out" dir="out" link="Link16" />
                <Link pin="O_C16_A0_P4_out" dir="out" link="Link17" />
                <Link pin="O_C16_A0_P5_out" dir="out" link="Link20" />
                <Link pin="O_C16_A0_P6_out" dir="out" link="Link21" />
            </Algorithm>
            <Algorithm name="EQ1940Dual1" friendlyname="2 Channel - Double Precision " cell="LP EQ " location="{X=667, Y=103} " Growth="1 " GrowthB="0">
                <Link pin="I_C102_A0_P1_in" dir="in" link="Link16" />
                <Link pin="I_C102_A0_P2_in" dir="in" link="Link17" />
                <Link pin="O_C102_A0_P3_out" dir="out" link="Link9" />
                <Link pin="O_C102_A0_P4_out" dir="out" link="Link7" />
            </Algorithm>
            <Algorithm name="EQ1940Dual2" friendlyname="2 Channel - Double Precision " cell="HP EQ " location="{X=761, Y=102} " Growth="1 " GrowthB="0">
                <Link pin="I_C107_A0_P1_in" dir="in" link="Link9" />
                <Link pin="I_C107_A0_P2_in" dir="in" link="Link7" />
                <Link pin="O_C107_A0_P3_out" dir="out" link="Link8" />
                <Link pin="O_C107_A0_P4_out" dir="out" link="Link6" />
            </Algorithm>
            <Algorithm name="SuperBassAlgSWSlew1" friendlyname="Super Bass SWSlew " cell="SuperBass1 " location="{X=902, Y=224} " Growth="0 " GrowthB="0">
                <Link pin="I_C112_A0_P1_in" dir="in" link="Link8" />
                <Link pin="I_C112_A0_P2_in" dir="in" link="Link6" />
                <Link pin="O_C112_A0_P3_out" dir="out" link="Link18" />
                <Link pin="O_C112_A0_P4_out" dir="out" link="Link19" />
            </Algorithm>
            <Algorithm name="NxNMixer1940Alg1" friendlyname="NxM Ctrl Mixer " cell="NxM Linear_L " location="{X=1006, Y=328} " Growth="2 " GrowthB="1">
                <Link pin="I_C83_A0_P2_in" dir="in" link="Link18" />
                <Link pin="I_C83_A0_P3_in" dir="in" link="Link20" />
                <Link pin="O_C83_A0_P1_out" dir="out" link="Link24" />
            </Algorithm>
            <Algorithm name="NxNMixer1940Alg2" friendlyname="NxM Ctrl Mixer " cell="NxM Linear_R " location="{X=995, Y=494} " Growth="2 " GrowthB="1">
                <Link pin="I_C87_A0_P2_in" dir="in" link="Link19" />
                <Link pin="I_C87_A0_P3_in" dir="in" link="Link21" />
                <Link pin="O_C87_A0_P1_out" dir="out" link="Link25" />
            </Algorithm>
            <Algorithm name="ICSigma100Out1" friendlyname="170x\140x output " cell="Output1_L " location="{X=1280, Y=122} " Growth="0 " GrowthB="0">
                <Link pin="I_C11_A0_P1_in" dir="in" link="Link24" />
            </Algorithm>
            <Algorithm name="EQ1940Invert1" friendlyname="Invert " cell="Inv1_L " location="{X=1210, Y=189} " Growth="0 " GrowthB="0">
                <Link pin="I_C20_A0_P1_in" dir="in" link="Link24" />
                <Link pin="O_C20_A0_P2_out" dir="out" link="Link0" />
            </Algorithm>
            <Algorithm name="EQ1940Invert2" friendlyname="Invert " cell="Inv1_R " location="{X=1213, Y=339} " Growth="0 " GrowthB="0">
                <Link pin="I_C41_A0_P1_in" dir="in" link="Link25" />
                <Link pin="O_C41_A0_P2_out" dir="out" link="Link1" />
            </Algorithm>
            <Algorithm name="ICSigma100Out3" friendlyname="170x\140x output " cell="Output1_L " location="{X=1283, Y=272} " Growth="0 " GrowthB="0">
                <Link pin="I_C34_A0_P1_in" dir="in" link="Link25" />
            </Algorithm>
            <Algorithm name="ICSigma100Out2" friendlyname="170x\140x output " cell="Output2_L " location="{X=1282, Y=201} " Growth="0 " GrowthB="0">
                <Link pin="I_C13_A0_P1_in" dir="in" link="Link0" />
            </Algorithm>
            <Algorithm name="ICSigma100Out4" friendlyname="170x\140x output " cell="Output2_R " location="{X=1285, Y=351} " Growth="0 " GrowthB="0">
                <Link pin="I_C36_A0_P1_in" dir="in" link="Link1" />
            </Algorithm>
        </Schematic>
    </IC>
</NetList>